Seq id,X,Y,Direction,Magnitude
template_1K24,-0.31606521246,6.5742122626,92.7524620557,6.58180553437
gi|59801269|ref|YP,1.57012428165,4.70864302731,71.5587367713,4.96352792059
gi|15676939|ref|NP,-0.31606521246,6.5742122626,92.7524620557,6.58180553437
