Residue,DeltaE_0,Z_Mid,n
A,-0.717497153,5.891431195,8.585622872
D,1.073697775,14.37147548,8.753697868
E,0.881726188,14.21898185,11.76157894
H,1.19803594,7.964336785,14.05618664
I,-1.097555744,14.68310795,13.48842663
K,1.271970981,14.21772808,3.650770981
L,-1.991593092,16.79383216,3.210131835
M,-2.065429277,17,1.227828658
N,0.698747131,13.35627224,30
P,0.541535031,11.01484428,21.09123414
Q,0.573214349,10.82879292,9.586408808
R,1.313037657,12.64382183,2.203709701
S,0.927116526,17,5.379653068
T,0.425811052,3.098663092,3.267155886
V,-1.199601486,14.59456462,25.80985538
F,-2.402040085,9.407245574,8.382907949
W,-1.168121542,11.50280594,3.72317348
Y,-1.338707383,9.344836097,3.672349371
G,0.588333699,9.952985465,2.340874659
