pdbID,Chain,ResIndex,3-Code,1-Code,SecondaryStructure,%SASA,zCoord of CB,GLY=1,vectProj
1QD6,C,33,TYR,Y,E,0.028,-9.329,0,-1.517211258
1QD6,C,34,PRO,L,E,0.06557377,-6.969,0,-1.486371421
1QD6,C,69,PHE,V,E,0.071729958,4.426,0,1.465701539
1QD6,C,71,LEU,V,E,0.094339623,1.277,0,1.479650297
1QD6,C,73,LEU,I,E,0.037735849,-3.238,0,1.523530439
1QD6,C,74,ALA,A,E,0.012578616,-6.062,0,-1.222545296
1QD6,C,75,PHE,D,E,0.17721519,-5.186,0,1.130347292
1QD6,C,76,PRO,L,E,0.049180328,-10.365,0,-0.511517351
1QD6,C,77,LEU,P,E,0.297169811,-6.785,0,0.596540862
1QD6,C,86,SER,T,E,0.005681818,-12.114,0,1.472378348
1QD6,C,87,VAL,L,E,0,-10.671,0,-1.538513893
1QD6,C,89,GLY,F,E,0,-5.716,1,-1.529939443
1QD6,C,92,TYR,T,E,0.104,1.371,0,1.532644773
1QD6,C,94,GLN,V,E,0.004219409,5.307,0,1.520129271
1QD6,C,109,PHE,F,E,0.046413502,14.082,0,-1.257518986
1QD6,C,112,THR,T,E,0.016129032,11.592,0,1.480627232
1QD6,C,114,TYR,Y,E,0.084,9.055,0,1.448988958
1QD6,C,119,PHE,F,E,0.016877637,-2.442,0,-1.53673485
1QD6,C,121,GLY,R,E,0,-7.825,1,-1.398066272
1QD6,C,123,ALA,V,E,0.157232704,-14.555,0,-1.108588291
1QD6,C,135,ASP,L,E,0,-8.712,0,-1.311178096
1QD6,C,137,GLU,T,E,0,-4.536,0,-1.508300368
1QD6,C,161,ARG,V,E,0.003597122,-2.232,0,-1.523152652
1QD6,C,163,MET,E,E,0.004901961,-7.396,0,-1.496949565
1QD6,C,202,HIS,A,E,0.076555024,-12.097,0,-1.002250468
1QD6,C,235,VAL,I,E,0.06097561,-8.327,0,1.511963624
