Seq id,X,Y,Direction,Magnitude
template_1K24,0.873959730819,3.24902252364,74.9442904311,3.36451377917
gi|59801269|ref|YP,4.01659713833,9.03938121461,66.0423046183,9.89158558143
gi|15676939|ref|NP,0.873959730819,3.24902252364,74.9442904311,3.36451377917
