template_1UYN,1.0
gi|33594369|ref|NP,0.162079510703
gi|33601917|ref|NP,0.159021406728
gi|33601253|ref|NP,0.146788990826
gi|33595824|ref|NP,0.14373088685
gi|82736677|ref|ZP,0.14373088685
gi|34497333|ref|NP,0.140672782875
gi|33593700|ref|NP,0.137614678899
gi|75474399|sp|Q9X,0.134146341463
gi|49475343|ref|YP,0.131097560976
gi|49475345|ref|YP,0.131097560976
gi|51597166|ref|YP,0.128834355828
gi|77957189|ref|ZP,0.125766871166
gi|28869215|ref|NP,0.122324159021
gi|104783283|ref|Y,0.121580547112
gi|77974678|ref|ZP,0.11963190184
gi|33602267|ref|NP,0.119266055046
gi|66046637|ref|YP,0.119266055046
gi|71736402|ref|YP,0.119266055046
gi|26988610|ref|NP,0.119266055046
gi|49474105|ref|YP,0.118902439024
gi|465619|sp|P3392,0.118541033435
gi|984283|gb|AAC43,0.11620795107
gi|83751176|ref|ZP,0.115853658537
gi|26989788|ref|NP,0.115384615385
gi|104782218|ref|Y,0.115384615385
gi|77974466|ref|ZP,0.113496932515
gi|33602086|ref|NP,0.113149847095
gi|33596254|ref|NP,0.113149847095
gi|33602087|ref|NP,0.113149847095
gi|77459122|ref|YP,0.113149847095
gi|83751177|ref|ZP,0.113149847095
gi|22034298|gb|AAL,0.112804878049
gi|113876548|ref|Z,0.110787172012
gi|77977360|ref|ZP,0.110429447853
gi|66045274|ref|YP,0.110091743119
gi|47154998|emb|CA,0.109243697479
gi|73537641|ref|YP,0.109144542773
gi|77963418|ref|ZP,0.107843137255
gi|16119591|ref|NP,0.107142857143
gi|28869427|ref|NP,0.107033639144
gi|15800732|ref|NP,0.106442577031
gi|51597164|ref|YP,0.104294478528
gi|26247147|ref|NP,0.103641456583
gi|77961204|ref|ZP,0.103343465046
gi|15832769|ref|NP,0.103343465046
gi|33599810|ref|NP,0.10119047619
gi|49475344|ref|YP,0.100609756098
gi|82776499|ref|YP,0.100303951368
gi|7466262|pir||G6,0.0980392156863
gi|77975760|ref|ZP,0.09726443769
gi|77957624|ref|ZP,0.09726443769
gi|16123205|ref|NP,0.09726443769
gi|77975979|ref|ZP,0.0942249240122
gi|16122995|ref|NP,0.0917431192661
gi|77972002|ref|ZP,0.0886850152905
gi|543788|sp|Q0315,0.0782122905028
gi|67547523|ref|ZP,0.0602739726027
